0.00151446,-0.186667,1.68685,0.00521988,0.104965,1.65413,0.00870989,0.385238,1.60865,0.011174,0.506641,1.54581,-0.158903,0.30621,1.63315,-0.23787,0.0568455,1.66136,-0.309941,-0.149257,1.61497,-0.300229,-0.167421,1.60893,0.177242,0.294464,1.62561,0.238464,0.0350381,1.65741,0.289509,-0.17645,1.6064,0.286422,-0.201522,1.60358,-0.0793291,-0.18242,1.65545,-0.079741,-0.515334,1.71858,-0.0503586,-0.8552,1.86555,-0.0508897,-0.900725,1.74329,0.0822692,-0.183494,1.65123,0.11361,-0.542959,1.68168,0.132771,-0.863739,1.8211,0.129272,-0.908902,1.69908,0.00786643,0.316792,1.62212,-0.294776,-0.256469,1.60798,-0.273405,-0.193081,1.57353,0.283414,-0.282177,1.59763,0.26795,-0.222541,1.56505
0.00150233,-0.186686,1.68714,0.00525029,0.104921,1.65438,0.00877677,0.385173,1.60884,0.0114015,0.50653,1.54604,-0.158856,0.306294,1.63327,-0.238315,0.0569363,1.66138,-0.310904,-0.149061,1.61526,-0.301515,-0.166968,1.60842,0.177296,0.294403,1.62641,0.238287,0.0350548,1.65911,0.289786,-0.17619,1.60727,0.28736,-0.201756,1.60448,-0.079317,-0.18241,1.65565,-0.0797478,-0.51537,1.71859,-0.0503586,-0.854935,1.86549,-0.050684,-0.900455,1.74325,0.0822305,-0.183548,1.6516,0.113499,-0.542846,1.6817,0.132679,-0.863708,1.82119,0.129388,-0.908864,1.69918,0.00792485,0.316732,1.62232,-0.29492,-0.260003,1.61565,-0.276202,-0.192274,1.5722,0.283425,-0.282202,1.59772,0.258132,-0.179152,1.60381
0.00151512,-0.186694,1.6872,0.00527443,0.104875,1.65449,0.00881571,0.385069,1.60901,0.0116409,0.506307,1.54619,-0.158881,0.306264,1.63327,-0.239045,0.0564694,1.66121,-0.311529,-0.14961,1.61516,-0.302404,-0.166212,1.60751,0.177395,0.294416,1.62687,0.238138,0.0345649,1.65995,0.290147,-0.176506,1.60772,0.287161,-0.202357,1.6046,-0.0793009,-0.182414,1.65565,-0.0797908,-0.515438,1.71855,-0.0504489,-0.854859,1.86506,-0.0506308,-0.900361,1.74282,0.082226,-0.183561,1.65179,0.11345,-0.542645,1.68162,0.132737,-0.863552,1.82126,0.129586,-0.908694,1.69926,0.00795977,0.316644,1.62248,-0.296047,-0.258202,1.60883,-0.276317,-0.19122,1.5714,0.284408,-0.283114,1.59966,0.263788,-0.208936,1.57895
0.00154244,-0.186672,1.68728,0.00532484,0.104876,1.65462,0.00888864,0.385045,1.60924,0.0118907,0.506128,1.54635,-0.158799,0.306307,1.6332,-0.239339,0.0566957,1.66091,-0.312328,-0.149373,1.61564,-0.302072,-0.16611,1.60616,0.177458,0.294546,1.62732,0.237995,0.0345927,1.66056,0.290369,-0.176436,1.6084,0.287072,-0.201555,1.60558,-0.0792614,-0.182405,1.65565,-0.0798071,-0.515451,1.71853,-0.0503007,-0.855141,1.86501,-0.0503205,-0.900622,1.74279,0.0822406,-0.183514,1.65199,0.113429,-0.542617,1.68162,0.132714,-0.863817,1.82159,0.129729,-0.90894,1.6996,0.00802724,0.316627,1.62268,-0.29574,-0.257938,1.60719,-0.276925,-0.191196,1.57069,0.284317,-0.281586,1.59817,0.269025,-0.215027,1.56792
0.00155122,-0.186641,1.68743,0.00533336,0.104854,1.65473,0.00889877,0.384979,1.6093,0.012213,0.505913,1.54637,-0.158818,0.306325,1.63325,-0.239613,0.0569487,1.66065,-0.312967,-0.149054,1.61556,-0.302406,-0.165455,1.60536,0.177491,0.294494,1.62767,0.237885,0.0344345,1.66128,0.29069,-0.176552,1.60929,0.286541,-0.201596,1.60632,-0.0792363,-0.182385,1.65571,-0.0798324,-0.515426,1.71845,-0.0504392,-0.854286,1.8648,-0.0503678,-0.899769,1.74259,0.0822163,-0.183474,1.65226,0.113359,-0.542275,1.68151,0.132681,-0.863475,1.82152,0.129785,-0.908595,1.69954,0.00803574,0.316574,1.62275,-0.296171,-0.257145,1.60628,-0.277751,-0.18835,1.57057,0.284135,-0.28207,1.59826,0.262444,-0.203339,1.58369
0.00160254,-0.186679,1.68767,0.00535853,0.104791,1.65496,0.00890422,0.384896,1.60951,0.0126772,0.505503,1.54641,-0.158801,0.306219,1.63318,-0.239868,0.0572682,1.66006,-0.313633,-0.148652,1.61505,-0.302449,-0.165403,1.60438,0.177579,0.294461,1.62828,0.237527,0.0343713,1.66224,0.290894,-0.176548,1.61041,0.286089,-0.20147,1.60679,-0.0791477,-0.182438,1.65585,-0.0799225,-0.515416,1.71839,-0.0504216,-0.854664,1.86459,-0.0501387,-0.900126,1.7424,0.0822315,-0.183497,1.65256,0.113409,-0.543304,1.68204,0.132499,-0.863591,1.82179,0.129818,-0.908695,1.69984,0.00804576,0.316495,1.62297,-0.295584,-0.254972,1.59971,-0.276332,-0.195396,1.56725,0.284076,-0.282232,1.59916,0.261752,-0.205882,1.58659
0.00157973,-0.186685,1.68778,0.00535222,0.104759,1.65506,0.0089135,0.384841,1.60959,0.0128251,0.50539,1.54651,-0.158715,0.306257,1.63312,-0.240097,0.057285,1.65965,-0.313994,-0.148644,1.61479,-0.302044,-0.165045,1.60416,0.177633,0.29458,1.62875,0.237223,0.0343255,1.6628,0.291075,-0.176543,1.61119,0.286098,-0.201421,1.60788,-0.0791542,-0.182436,1.65588,-0.0800042,-0.51537,1.71837,-0.0504644,-0.854666,1.86451,-0.0500164,-0.900117,1.74233,0.0821928,-0.183518,1.65276,0.113353,-0.543099,1.68199,0.13249,-0.863432,1.82183,0.129973,-0.908529,1.69989,0.00805135,0.316446,1.62305,-0.29585,-0.256332,1.60423,-0.276347,-0.191298,1.56955,0.284147,-0.282301,1.59956,0.264735,-0.215343,1.57854
0.00156034,-0.186679,1.68779,0.0053366,0.104728,1.65504,0.00890346,0.384745,1.60952,0.0130314,0.505266,1.54653,-0.1585,0.306336,1.63259,-0.240705,0.0573862,1.65853,-0.314575,-0.148639,1.61387,-0.302328,-0.164167,1.60204,0.177692,0.294638,1.62901,0.237024,0.0344366,1.6631,0.291078,-0.176487,1.61179,0.285635,-0.202072,1.60711,-0.0791622,-0.182442,1.65576,-0.0800739,-0.515363,1.71832,-0.0509776,-0.853842,1.86424,-0.0502827,-0.899289,1.74209,0.0821501,-0.183502,1.65288,0.113237,-0.543221,1.68203,0.132367,-0.863075,1.82259,0.130092,-0.908168,1.70067,0.00803812,0.316371,1.62301,-0.296911,-0.255327,1.59966,-0.277508,-0.189927,1.56563,0.284283,-0.282208,1.59906,0.261451,-0.211058,1.5883
0.00158687,-0.186698,1.68781,0.00534359,0.104705,1.65504,0.00889745,0.3847,1.60949,0.013201,0.505181,1.54653,-0.158461,0.306244,1.63232,-0.241047,0.0576359,1.65797,-0.314781,-0.148455,1.61321,-0.302762,-0.16452,1.60266,0.177725,0.294658,1.62921,0.236881,0.0345197,1.66345,0.29097,-0.176512,1.61259,0.286211,-0.201733,1.6083,-0.079124,-0.182479,1.65574,-0.0801324,-0.515277,1.71828,-0.0509982,-0.853907,1.86413,-0.0501582,-0.899348,1.74198,0.0821779,-0.183517,1.65293,0.113206,-0.543319,1.68201,0.133425,-0.867032,1.8254,0.131282,-0.912086,1.70351,0.00803643,0.316333,1.62299,-0.297927,-0.257321,1.60366,-0.278514,-0.196476,1.56219,0.28434,-0.282486,1.60061,0.268347,-0.222896,1.56767
0.00153809,-0.186682,1.68788,0.00530565,0.104708,1.65509,0.00884913,0.384682,1.60946,0.0134589,0.505094,1.5465,-0.15836,0.30628,1.63205,-0.241175,0.0581083,1.6572,-0.314988,-0.147983,1.61242,-0.3031,-0.165042,1.6007,0.177759,0.294701,1.62942,0.236801,0.0344874,1.66356,0.291002,-0.176561,1.6128,0.286006,-0.20184,1.60706,-0.0791587,-0.182456,1.65579,-0.0802136,-0.515339,1.71831,-0.0511819,-0.856231,1.8662,-0.0501932,-0.901651,1.74408,0.0821229,-0.183512,1.65302,0.113087,-0.543171,1.68184,0.133525,-0.866448,1.82466,0.131526,-0.911502,1.70278,0.0079929,0.316321,1.62298,-0.296807,-0.256358,1.59766,-0.278359,-0.198434,1.55862,0.28462,-0.28234,1.60078,0.260421,-0.200375,1.59227
0.00149268,-0.186661,1.68793,0.00522958,0.10472,1.65513,0.00871484,0.384686,1.60947,0.0137039,0.505127,1.54663,-0.158279,0.306353,1.63169,-0.241391,0.0585096,1.65603,-0.315397,-0.147464,1.6107,-0.303338,-0.164278,1.60029,0.177807,0.294722,1.62953,0.2367,0.0344253,1.66369,0.291004,-0.176631,1.6129,0.286588,-0.202518,1.60798,-0.0791884,-0.182422,1.65578,-0.0802798,-0.515329,1.71833,-0.0516946,-0.855251,1.86561,-0.0505548,-0.900671,1.74349,0.0820669,-0.183517,1.65313,0.113,-0.543167,1.68187,0.132924,-0.864217,1.8234,0.131075,-0.909282,1.70152,0.00787628,0.316325,1.623,-0.297989,-0.25558,1.59774,-0.27798,-0.191842,1.56361,0.284537,-0.282469,1.60051,0.261126,-0.200483,1.59059
0.00141683,-0.186672,1.68797,0.00518975,0.104697,1.65508,0.00867894,0.384616,1.60928,0.013861,0.505088,1.54653,-0.158167,0.306416,1.63132,-0.24145,0.0589912,1.65474,-0.315377,-0.147073,1.6096,-0.303057,-0.164887,1.59801,0.177842,0.294732,1.62952,0.236703,0.0343753,1.66367,0.291017,-0.176691,1.61283,0.286556,-0.20291,1.60606,-0.0792436,-0.182411,1.65578,-0.0803736,-0.515193,1.71823,-0.051539,-0.854832,1.86499,-0.050292,-0.900255,1.7429,0.0819699,-0.183555,1.65319,0.112986,-0.543092,1.68175,0.13292,-0.864168,1.82324,0.13118,-0.909235,1.70138,0.00783949,0.31627,1.62285,-0.297485,-0.256236,1.59858,-0.278743,-0.195538,1.55948,0.284247,-0.281985,1.59873,0.257623,-0.185462,1.60704
0.00141343,-0.186689,1.68797,0.00517626,0.104696,1.65505,0.00864251,0.384643,1.60919,0.0140054,0.505162,1.54654,-0.158058,0.306479,1.63096,-0.241478,0.0593801,1.65389,-0.315378,-0.146698,1.60861,-0.303466,-0.164881,1.59896,0.177915,0.294735,1.62954,0.236752,0.0343361,1.66366,0.291033,-0.176754,1.61278,0.28768,-0.202889,1.60544,-0.0792391,-0.182424,1.65577,-0.0804199,-0.515272,1.71825,-0.0514991,-0.855379,1.86533,-0.0501388,-0.900794,1.74325,0.0819591,-0.183575,1.65319,0.112914,-0.542714,1.68151,0.133603,-0.866744,1.82467,0.131969,-0.911783,1.70283,0.00781015,0.316288,1.62278,-0.297412,-0.25657,1.59744,-0.278845,-0.191346,1.56208,0.285029,-0.283117,1.59987,0.265455,-0.217211,1.57303
0.00142319,-0.186704,1.68794,0.00515946,0.104685,1.65496,0.00857705,0.384658,1.60897,0.0141809,0.505143,1.54634,-0.157882,0.306542,1.63031,-0.24146,0.0596305,1.65344,-0.315351,-0.146477,1.60816,-0.302851,-0.164259,1.59762,0.177987,0.294711,1.62946,0.23679,0.0343391,1.66358,0.291198,-0.176734,1.61268,0.288759,-0.202634,1.60368,-0.079226,-0.182429,1.65572,-0.0804914,-0.515216,1.71818,-0.0514362,-0.853894,1.86434,-0.0499037,-0.899324,1.74227,0.0819694,-0.183601,1.65318,0.112902,-0.542671,1.68144,0.133516,-0.866137,1.82451,0.132055,-0.911184,1.70268,0.00775824,0.316294,1.6226,-0.297567,-0.257012,1.59797,-0.278419,-0.193669,1.56017,0.2857,-0.281529,1.59596,0.263319,-0.199592,1.58478
0.00142537,-0.186713,1.68793,0.00514479,0.104652,1.65487,0.00853696,0.384593,1.60874,0.0142762,0.505112,1.54621,-0.157857,0.306611,1.62993,-0.24155,0.0596581,1.65312,-0.315337,-0.146458,1.60755,-0.302995,-0.165195,1.59752,0.178038,0.294641,1.62923,0.236939,0.0344672,1.66326,0.291439,-0.176608,1.61238,0.289333,-0.201003,1.60239,-0.0792186,-0.18243,1.6557,-0.0804882,-0.515259,1.71811,-0.0513676,-0.854002,1.8639,-0.0497913,-0.89943,1.74185,0.0819663,-0.183627,1.65315,0.112835,-0.542566,1.68143,0.133591,-0.866055,1.82424,0.132174,-0.911105,1.70243,0.00772443,0.316236,1.62241,-0.296118,-0.256334,1.59597,-0.278225,-0.195698,1.55847,0.286904,-0.28157,1.59729,0.260664,-0.188494,1.59461
0.00146737,-0.186759,1.68793,0.00516125,0.104584,1.6547,0.00849304,0.384504,1.60823,0.0145284,0.505146,1.54587,-0.157783,0.306452,1.62941,-0.241634,0.0596807,1.65254,-0.315536,-0.146451,1.60713,-0.302738,-0.163334,1.59765,0.17819,0.294588,1.62862,0.237275,0.0344176,1.66295,0.29302,-0.176134,1.61095,0.290999,-0.200859,1.60248,-0.0791555,-0.182477,1.6557,-0.0805191,-0.515641,1.71818,-0.0516134,-0.855848,1.86469,-0.0500674,-0.901276,1.74267,0.0819946,-0.183667,1.65313,0.112821,-0.542561,1.68133,0.133436,-0.868075,1.82615,0.13199,-0.913128,1.70436,0.00769798,0.31615,1.62199,-0.296989,-0.256255,1.5972,-0.278329,-0.194199,1.56029,0.28864,-0.282201,1.59688,0.263267,-0.190995,1.59138
0.00150212,-0.186858,1.68784,0.00525279,0.104441,1.6544,0.0087073,0.384339,1.60763,0.0148296,0.504985,1.54532,-0.15457,0.306392,1.63259,-0.241609,0.0597867,1.65199,-0.315443,-0.146414,1.60672,-0.302738,-0.163283,1.59721,0.17848,0.294427,1.6279,0.237739,0.0346027,1.66225,0.293624,-0.175975,1.61048,0.290914,-0.199772,1.60075,-0.0791286,-0.182543,1.65564,-0.0805603,-0.51626,1.71832,-0.0516728,-0.856945,1.86518,-0.0513374,-0.902391,1.74318,0.0820414,-0.183801,1.653,0.112755,-0.544353,1.68196,0.132889,-0.865485,1.82372,0.130237,-0.910588,1.70196,0.00787582,0.315988,1.62147,-0.297753,-0.25442,1.59445,-0.278514,-0.193799,1.55961,0.288753,-0.28164,1.59367,0.258933,-0.164255,1.60967
0.00154199,-0.186895,1.68764,0.00534952,0.104281,1.65381,0.00889836,0.384014,1.6066,0.0153249,0.504648,1.54434,-0.155368,0.306222,1.62995,-0.241484,0.0598525,1.65126,-0.31538,-0.146374,1.60615,-0.302582,-0.162634,1.59521,0.178931,0.294212,1.62702,0.238194,0.034457,1.66148,0.294037,-0.176191,1.60991,0.290511,-0.200351,1.59976,-0.0790758,-0.182568,1.65541,-0.0806138,-0.516263,1.718,-0.051302,-0.855764,1.86445,-0.0504318,-0.901248,1.74248,0.0820728,-0.183844,1.65281,0.112744,-0.543932,1.6814,0.132682,-0.865963,1.8242,0.130574,-0.911089,1.70246,0.00804063,0.315707,1.62055,-0.297349,-0.254088,1.59234,-0.277897,-0.197897,1.55582,0.288289,-0.281182,1.59111,0.260335,-0.174827,1.60462
0.00161376,-0.187011,1.68737,0.00550749,0.104083,1.65313,0.00917011,0.383762,1.60549,0.0160192,0.504213,1.54313,-0.155483,0.305824,1.6276,-0.241497,0.0595873,1.65051,-0.315353,-0.146687,1.60549,-0.302762,-0.162291,1.59492,0.179358,0.294005,1.62599,0.238628,0.0343123,1.66063,0.294283,-0.17647,1.6094,0.289992,-0.199759,1.59796,-0.0789959,-0.182677,1.65508,-0.0805673,-0.516433,1.71772,-0.0509589,-0.856339,1.86418,-0.0496908,-0.901842,1.74225,0.0821387,-0.183959,1.65256,0.11276,-0.54384,1.68104,0.1344,-0.868147,1.82495,0.13267,-0.913278,1.70326,0.00828248,0.315467,1.61955,-0.296812,-0.253894,1.58847,-0.278211,-0.193832,1.55755,0.287999,-0.280775,1.5898,0.264295,-0.193122,1.58439
0.00167657,-0.187119,1.68717,0.00567457,0.103867,1.65255,0.00947764,0.383453,1.60451,0.0166287,0.503906,1.5422,-0.15529,0.305787,1.62555,-0.241325,0.0594747,1.64937,-0.315237,-0.146896,1.60494,-0.302079,-0.163295,1.59464,0.179745,0.293895,1.62517,0.238951,0.0341794,1.65995,0.294495,-0.176715,1.60905,0.290196,-0.201255,1.59961,-0.0789303,-0.182759,1.65485,-0.0805295,-0.516583,1.71752,-0.0512293,-0.857443,1.8651,-0.0495866,-0.902964,1.74321,0.0821998,-0.18409,1.65235,0.11305,-0.54381,1.68061,0.133157,-0.865008,1.82183,0.131813,-0.910188,1.70016,0.00855292,0.31518,1.61866,-0.294572,-0.25948,1.59397,-0.278234,-0.194493,1.55637,0.288272,-0.281044,1.59132,0.261695,-0.190295,1.59241
0.00185451,-0.187302,1.68667,0.0060062,0.103488,1.65132,0.00996342,0.38288,1.6025,0.01772,0.503164,1.54012,-0.154997,0.305615,1.62305,-0.2411,0.0590839,1.64759,-0.315351,-0.147345,1.60416,-0.300884,-0.163822,1.5909,0.180413,0.293668,1.62389,0.239319,0.0340082,1.65886,0.29469,-0.177008,1.60826,0.289598,-0.201581,1.59841,-0.0787004,-0.182912,1.65414,-0.080459,-0.516061,1.71654,-0.0511593,-0.857125,1.86489,-0.0225842,-0.93214,1.83813,0.082334,-0.184275,1.65201,0.113087,-0.543803,1.6802,0.133103,-0.865316,1.82143,0.132122,-0.91055,1.69982,0.00900121,0.314657,1.61685,-0.293537,-0.257552,1.58877,-0.276758,-0.192921,1.55548,0.287673,-0.283844,1.58827,0.263237,-0.193089,1.58475
0.00205912,-0.187626,1.68598,0.00629367,0.103032,1.65012,0.0103191,0.382337,1.6009,0.0187069,0.502552,1.53854,-0.154414,0.305267,1.62017,-0.240538,0.0588455,1.64559,-0.314903,-0.147638,1.60263,-0.299887,-0.164408,1.58829,0.180966,0.293349,1.62255,0.239651,0.0337139,1.65794,0.29483,-0.177411,1.60755,0.289561,-0.203325,1.59914,-0.0784778,-0.183163,1.65325,-0.0803602,-0.51573,1.71571,-0.0511604,-0.855536,1.86341,-0.0486924,-0.901165,1.74161,0.0825169,-0.184639,1.65148,0.1134,-0.543651,1.679,0.132428,-0.865023,1.82051,0.131921,-0.910287,1.69894,0.00934167,0.314134,1.61535,-0.293281,-0.257497,1.58518,-0.274815,-0.196239,1.54738,0.28806,-0.285801,1.5927,0.258926,-0.17549,1.60456
0.00233862,-0.188014,1.68479,0.00702264,0.102277,1.64791,0.0116048,0.381177,1.59766,0.0201005,0.501569,1.53549,-0.153142,0.304433,1.61556,-0.239685,0.0581525,1.64158,-0.314329,-0.148387,1.59949,-0.298276,-0.16279,1.58428,0.181804,0.292842,1.62102,0.240003,0.0330461,1.65691,0.295084,-0.178059,1.60619,0.289992,-0.203943,1.5982,-0.0782233,-0.183502,1.65162,-0.0799577,-0.516265,1.71405,-0.0512728,-0.855848,1.8631,-0.0478716,-0.901558,1.74138,0.0827964,-0.185031,1.65068,0.113489,-0.543995,1.6782,0.131857,-0.867712,1.82176,0.132292,-0.913034,1.70028,0.0104817,0.313079,1.61236,-0.290734,-0.256726,1.57664,-0.273847,-0.186952,1.5455,0.289005,-0.284815,1.59006,0.263625,-0.200598,1.58178
0.00281873,-0.188824,1.68305,0.00787831,0.101277,1.64535,0.0128123,0.380057,1.59439,0.0219326,0.50016,1.53204,-0.151686,0.303438,1.61086,-0.238595,0.0577198,1.63742,-0.312818,-0.149112,1.59607,-0.297134,-0.16447,1.58186,0.182812,0.292134,1.61898,0.240475,0.0324667,1.65581,0.29521,-0.178867,1.60572,0.290669,-0.204483,1.59831,-0.0777937,-0.184237,1.64968,-0.0798283,-0.516445,1.71319,-0.0514058,-0.855473,1.86258,-0.0471916,-0.901247,1.74093,0.0833037,-0.185867,1.64916,0.113323,-0.543157,1.67592,0.131946,-0.86728,1.8208,0.133189,-0.912664,1.6994,0.0116059,0.311986,1.60926,-0.291924,-0.257889,1.57764,-0.270666,-0.193246,1.5401,0.289539,-0.285424,1.58912,0.260156,-0.181652,1.59535
0.00416095,-0.190874,1.67856,0.0101732,0.0987026,1.63873,0.0160644,0.377049,1.58561,0.025865,0.498094,1.52417,-0.148427,0.300953,1.60192,-0.235887,0.0559995,1.62856,-0.308829,-0.151406,1.58769,-0.293044,-0.16711,1.57198,0.185415,0.289551,1.6136,0.24177,0.0298814,1.6529,0.295738,-0.181885,1.604,0.291842,-0.209624,1.59708,-0.076587,-0.186179,1.64468,-0.0788892,-0.516797,1.7098,-0.051704,-0.854448,1.86126,-0.046432,-0.900427,1.7398,0.0847162,-0.187917,1.6452,0.113754,-0.545351,1.67005,0.131784,-0.866637,1.8185,0.134079,-0.912214,1.69729,0.0146235,0.309083,1.60103,-0.28633,-0.258313,1.56286,-0.267745,-0.193357,1.53333,0.289721,-0.292741,1.58854,0.262739,-0.193988,1.59095
0.00542289,-0.19324,1.67449,0.012604,0.0961542,1.63296,0.0197174,0.374412,1.57808,0.0299641,0.496195,1.51733,-0.143837,0.298075,1.59195,-0.23321,0.0535685,1.62187,-0.304003,-0.154396,1.5795,-0.28779,-0.171369,1.5636,0.188489,0.285928,1.60791,0.243055,0.0276682,1.64949,0.295986,-0.184693,1.60242,0.291779,-0.213616,1.59448,-0.0753916,-0.188471,1.64044,-0.0782059,-0.518067,1.70619,-0.0512213,-0.856757,1.86125,-0.044678,-0.902877,1.73998,0.0859981,-0.190243,1.64135,0.113544,-0.542398,1.65978,0.13121,-0.867473,1.81731,0.134794,-0.913203,1.69629,0.0179723,0.306465,1.59394,-0.280951,-0.260946,1.55497,-0.262266,-0.194546,1.5253,0.290021,-0.29529,1.58538,0.268704,-0.223258,1.56693
0.00893281,-0.196646,1.66989,0.017204,0.092285,1.62597,0.0252184,0.370149,1.56857,0.0359931,0.493221,1.50903,-0.13796,0.292687,1.57979,-0.227769,0.0493305,1.60978,-0.298442,-0.159089,1.57013,-0.280661,-0.1773,1.55491,0.193675,0.281356,1.60136,0.246075,0.0230458,1.64444,0.296995,-0.19029,1.60034,0.294797,-0.219952,1.59206,-0.0721267,-0.191722,1.63513,-0.0765323,-0.520582,1.69897,-0.0510444,-0.85827,1.86,-0.0428093,-0.904617,1.73903,0.0896206,-0.193664,1.63744,0.114152,-0.536094,1.64235,0.130226,-0.872089,1.81557,0.13552,-0.918002,1.69486,0.0232709,0.3023,1.58507,-0.27233,-0.272974,1.5484,-0.253986,-0.204366,1.516,0.291381,-0.302126,1.58647,0.261868,-0.180944,1.59889
0.0200304,-0.205643,1.65819,0.0303369,0.0833754,1.60896,0.0400648,0.361514,1.54608,0.0496495,0.48993,1.49161,-0.122083,0.280453,1.54955,-0.21373,0.0387246,1.58402,-0.281223,-0.170694,1.54354,-0.266765,-0.187272,1.5287,0.205998,0.271244,1.58597,0.254687,0.0109462,1.63266,0.303939,-0.203525,1.59407,0.306623,-0.235388,1.58346,-0.0613034,-0.200185,1.62105,-0.0705092,-0.524343,1.68093,-0.0484818,-0.8599,1.85398,-0.0357389,-0.90676,1.7339,0.10055,-0.202782,1.62806,0.121249,-0.52628,1.61542,0.122686,-0.874412,1.80571,0.132642,-0.9208,1.68591,0.0377285,0.293592,1.56397,-0.257786,-0.277887,1.5154,-0.238123,-0.215223,1.48794,0.302093,-0.31725,1.57981,0.273751,-0.193125,1.59168
0.0357294,-0.216139,1.64111,0.0458409,0.0751998,1.58867,0.0552234,0.35556,1.52255,0.0632672,0.491408,1.47601,-0.105507,0.268048,1.51959,-0.198962,0.0285624,1.55168,-0.266463,-0.181259,1.5138,-0.253513,-0.198577,1.49718,0.218847,0.262027,1.56847,0.265784,-0.000813771,1.62013,0.316172,-0.215551,1.5867,0.322632,-0.246498,1.57331,-0.0456808,-0.210829,1.60155,-0.060777,-0.521706,1.65657,-0.0463294,-0.8544,1.83824,-0.0296667,-0.901533,1.71899,0.115633,-0.212618,1.61348,0.134856,-0.526019,1.59634,0.118259,-0.86967,1.79191,0.138145,-0.944971,1.7742,0.0529963,0.287103,1.54125,-0.245225,-0.286699,1.48671,-0.221441,-0.229136,1.45329,0.321862,-0.331194,1.56848,0.290237,-0.221396,1.578
0.0564913,-0.232078,1.62053,0.064049,0.0640723,1.56724,0.0709233,0.348623,1.50029,0.0794602,0.491272,1.46246,-0.0873512,0.251297,1.48886,-0.186374,0.0133389,1.51445,-0.252363,-0.196208,1.47089,-0.241544,-0.211653,1.4529,0.234156,0.247814,1.54774,0.284658,-0.018722,1.60825,0.342502,-0.231469,1.57556,0.349689,-0.264341,1.56466,-0.025323,-0.227002,1.57995,-0.0479787,-0.523728,1.62028,-0.0415066,-0.857653,1.82671,-0.021672,-0.904609,1.7081,0.135901,-0.227574,1.5942,0.149659,-0.528051,1.58015,0.122117,-0.871261,1.78619,0.139259,-0.917801,1.66785,0.0693255,0.279189,1.5192,-0.230145,-0.298555,1.43762,-0.206581,-0.242374,1.40815,0.35202,-0.338333,1.56035,0.317043,-0.262287,1.5615
0.080063,-0.254788,1.60141,0.084656,0.0448279,1.5452,0.0884083,0.332967,1.47513,0.0976971,0.482311,1.44799,-0.067659,0.227032,1.45725,-0.177004,-0.0119642,1.47606,-0.24642,-0.213134,1.40181,-0.232757,-0.225438,1.38366,0.250185,0.223836,1.52253,0.306501,-0.0439461,1.59343,0.379349,-0.252092,1.56458,0.388897,-0.280488,1.55694,-0.00179839,-0.249557,1.5599,-0.029161,-0.547379,1.55754,-0.0300784,-0.870633,1.80522,-0.00832527,-0.917496,1.68739,0.158522,-0.249408,1.57621,0.168117,-0.549278,1.56442,0.132789,-0.871161,1.77163,0.151842,-0.91783,1.65397,0.0876156,0.262643,1.49484,-0.216651,-0.307619,1.35868,-0.1962,-0.246493,1.33758,0.392311,-0.351461,1.54994,0.358384,-0.304213,1.54758
0.0976743,-0.276344,1.58729,0.101231,0.0239288,1.52446,0.103672,0.312956,1.44666,0.11436,0.467726,1.43049,-0.0511526,0.202532,1.42687,-0.17661,-0.0360669,1.42877,-0.243251,-0.214489,1.30445,-0.228744,-0.227375,1.2885,0.263968,0.196978,1.49745,0.325592,-0.0636681,1.57887,0.417674,-0.26432,1.56288,0.45283,-0.31729,1.55286,0.0151994,-0.270393,1.54672,-0.0121932,-0.570189,1.49524,-0.00850099,-0.902466,1.74997,0.0143533,-0.949364,1.63347,0.176002,-0.270736,1.56135,0.178829,-0.569716,1.55453,0.137305,-0.869203,1.75937,0.157723,-0.916643,1.64269,0.103257,0.242391,1.46841,-0.20952,-0.296658,1.26103,-0.192287,-0.225228,1.24555,0.46567,-0.358352,1.54738,0.429026,-0.350601,1.534
0.108818,-0.287837,1.56711,0.112652,0.0117993,1.49388,0.114661,0.300804,1.40529,0.125748,0.456888,1.39889,-0.0397974,0.184733,1.38589,-0.180832,-0.0301304,1.36992,-0.243302,-0.154486,1.18749,-0.230088,-0.176074,1.17237,0.272091,0.182315,1.46345,0.344519,-0.0679461,1.56112,0.470986,-0.248454,1.55053,0.520141,-0.288406,1.54311,0.0257787,-0.280102,1.52795,0.00424528,-0.576483,1.4389,0.0294094,-0.88545,1.67947,-0.0101525,-0.940987,1.69625,0.187175,-0.283422,1.53991,0.188029,-0.579741,1.54918,0.13988,-0.870467,1.75572,0.162319,-0.919184,1.64058,0.114413,0.230231,1.42974,-0.201073,-0.234383,1.1329,-0.188268,-0.159729,1.134,0.54131,-0.325355,1.54241,0.52604,-0.28943,1.48425
0.117719,-0.270932,1.53116,0.119439,0.0267786,1.44046,0.119121,0.312653,1.33416,0.129905,0.467817,1.33275,-0.0318558,0.195319,1.31225,-0.199371,0.0343992,1.27227,-0.243547,-0.0783279,1.07675,-0.232144,-0.0926639,1.06029,0.275043,0.195936,1.40212,0.37131,-0.0366542,1.52596,0.536683,-0.180774,1.53008,0.550307,-0.177961,1.5239,0.0337579,-0.261767,1.49242,0.0231395,-0.559334,1.40392,0.0610375,-0.850732,1.5552,0.088143,-0.900447,1.44338,0.196503,-0.268354,1.50349,0.189763,-0.557147,1.54675,0.151275,-0.83724,1.73605,0.176939,-0.888486,1.62354,0.119471,0.243027,1.36304,-0.203481,-0.128515,1.0149,-0.188275,-0.0692005,1.02757,0.601962,-0.234494,1.52353,0.580078,-0.18721,1.47582
0.118648,-0.236332,1.49475,0.118252,0.0543349,1.3817,0.116255,0.332269,1.25232,0.127987,0.482123,1.24481,-0.0254084,0.215448,1.22677,-0.191659,0.0621531,1.19151,-0.245592,0.0128016,0.973136,-0.230548,-0.0232269,0.93955,0.273104,0.222115,1.33324,0.400128,0.015136,1.48207,0.585291,-0.0976721,1.50485,0.605143,-0.0944366,1.49765,0.0337171,-0.22643,1.45301,0.0595286,-0.527332,1.39592,0.0680774,-0.945722,1.47497,0.0961591,-0.988109,1.38271,0.198131,-0.235646,1.46968,0.150167,-0.521325,1.51641,0.159395,-0.864598,1.75758,0.1644,-0.942809,1.72977,0.11699,0.264788,1.28692,-0.209914,-0.046574,0.906754,-0.187857,-0.0106064,0.913417,0.667148,-0.126583,1.48782,0.61818,-0.0835039,1.45363
0.120303,-0.218159,1.46088,0.114974,0.0609737,1.32972,0.107496,0.326902,1.18306,0.130177,0.467816,1.15372,-0.0288105,0.210619,1.15372,-0.205283,0.0729926,1.09917,-0.227559,0.0606502,0.870194,-0.223652,0.0144121,0.821358,0.270811,0.230149,1.28817,0.414867,0.0539674,1.44392,0.619259,-0.0169559,1.4673,0.633257,-0.00716296,1.46003,0.0356956,-0.213014,1.41255,0.0779763,-0.511592,1.39725,0.0558057,-0.940875,1.38115,0.0816003,-0.987406,1.27446,0.199342,-0.21369,1.44145,0.149424,-0.498206,1.493,0.163424,-0.838152,1.73854,0.200707,-0.894417,1.63555,0.109626,0.262429,1.2219,-0.20024,-0.00984437,0.785252,-0.179564,0.0363609,0.8022,0.69935,-0.0444302,1.47143,0.648359,-0.0558998,1.4648
0.113451,-0.242747,1.40959,0.108186,0.018498,1.27604,0.101677,0.269218,1.12871,0.1281,0.405138,1.07808,-0.0330784,0.165956,1.09159,-0.199527,0.0351897,0.994424,-0.185747,0.0344603,0.764453,-0.199725,0.0131879,0.697444,0.269236,0.204735,1.25351,0.430043,0.0632994,1.42375,0.64851,0.0545147,1.42089,0.663569,0.0576941,1.41662,0.0299924,-0.24096,1.35532,0.119708,-0.520146,1.38467,0.0214504,-0.916364,1.23202,0.0270205,-0.905591,1.09845,0.191532,-0.233012,1.3976,0.151143,-0.518102,1.44939,0.169731,-0.826306,1.7312,0.213765,-0.882899,1.63256,0.103513,0.208291,1.16773,-0.183455,-0.0110007,0.663007,-0.150809,0.0265382,0.677667,0.740218,0.0544982,1.42166,0.683107,0.0250315,1.44073
0.122753,-0.293467,1.37705,0.113893,-0.0357181,1.21887,0.102321,0.217899,1.04443,0.121253,0.327718,0.996826,-0.0252845,0.0896807,1.04276,-0.157719,-0.0734028,0.941151,-0.162108,-0.0324131,0.709301,-0.157647,-0.015544,0.603093,0.262522,0.134198,1.2115,0.460072,0.069778,1.40014,0.677094,0.0952393,1.38851,0.673027,0.0959793,1.37891,0.0358925,-0.293378,1.31613,0.155128,-0.540357,1.39621,-0.0344731,-0.726222,1.12867,0.0157867,-0.78187,1.0367,0.203482,-0.279659,1.37204,0.124253,-0.560213,1.41125,0.152699,-0.854789,1.7054,0.192423,-0.870443,1.79065,0.105575,0.155678,1.0898,-0.136616,-0.0257156,0.564097,-0.109868,0.0107199,0.631,0.750956,0.0913392,1.37991,0.689557,0.0700666,1.40121
0.0682343,-0.324592,1.41237,0.0869151,-0.0809721,1.20112,0.0883685,0.145279,0.978069,0.109975,0.248392,0.927932,-0.00258257,0.00655776,0.996587,-0.173645,-0.0916754,0.869879,-0.126717,-0.156189,0.653374,-0.0957043,-0.0846381,0.554335,0.24797,0.0679642,1.15214,0.442288,0.0653418,1.3592,0.654493,0.105685,1.38003,0.664249,0.106432,1.3598,-0.00890411,-0.32806,1.34784,0.21463,-0.522652,1.36819,0.147583,-0.783273,1.18587,0.194452,-0.847129,1.10622,0.14199,-0.30604,1.41104,0.255777,-0.587274,1.49545,0.205519,-0.899903,1.76075,0.230105,-0.894769,1.85392,0.0880596,0.0922447,1.03913,-0.0679534,-0.0833947,0.521004,-0.0611325,-0.0572616,0.58225,0.731767,0.100401,1.35865,0.700193,0.0773067,1.39713
0.0533777,-0.362433,1.38956,0.0759593,-0.155241,1.15331,0.0977331,0.0458882,0.898981,0.117403,0.138794,0.845059,-0.000381705,-0.0971363,0.924052,-0.107921,-0.268063,0.806509,-0.0643766,-0.214716,0.586648,-0.018664,-0.250484,0.541424,0.257903,-0.032754,1.08187,0.4212,0.0393032,1.30192,0.620889,0.0966925,1.35769,0.638375,0.0853252,1.33702,-0.0242962,-0.37003,1.32331,0.238623,-0.472617,1.39886,0.158729,-0.705762,1.18495,0.201493,-0.777682,1.1127,0.128675,-0.338665,1.39032,0.259946,-0.648359,1.46533,0.185046,-0.656817,1.7631,0.196899,-0.630859,1.61816,0.0925732,-0.00317448,0.965601,0.0500697,-0.231366,0.513197,0.0131389,-0.21383,0.534,0.712933,0.0908591,1.34104,0.675649,0.0555018,1.37083
0.0713462,-0.475752,1.32654,0.0916506,-0.237307,1.09915,0.109977,-0.00215911,0.855678,0.129229,0.0871604,0.801083,0.00936136,-0.131124,0.906526,-0.070605,-0.322975,0.802573,0.00947157,-0.376552,0.592598,0.0223423,-0.3605,0.614782,0.268969,-0.0946664,1.05749,0.416375,0.0250334,1.27025,0.606087,0.0877913,1.34669,0.615694,0.0705702,1.32139,-0.00679987,-0.474425,1.25695,0.255508,-0.431054,1.37805,0.019848,-0.462763,1.15288,0.0620646,-0.53687,1.07052,0.147307,-0.456778,1.32879,0.162439,-0.805239,1.29932,0.0955977,-0.579745,1.5149,0.09319,-0.648077,1.43691,0.105864,-0.0592191,0.920229,0.0574901,-0.351058,0.570396,0.0313542,-0.335192,0.602547,0.695445,0.0645731,1.33421,0.620405,0.0485509,1.29664
0.11457,-0.540126,1.27549,0.115762,-0.294912,1.05102,0.114339,-0.0407094,0.820802,0.137075,0.0453418,0.766521,0.0219839,-0.159046,0.889767,0.00667339,-0.374874,0.81231,0.0881051,-0.567152,0.732025,0.115203,-0.63253,0.708489,0.270555,-0.138539,1.03112,0.395454,0.0321459,1.22737,0.580059,0.0728032,1.32489,0.620827,0.0634503,1.30688,0.0348261,-0.547832,1.20044,0.28524,-0.497721,1.33774,0.0738764,-0.574631,1.09964,0.113283,-0.643415,1.0139,0.188466,-0.506238,1.28838,0.19687,-0.853083,1.26155,0.130549,-0.64076,1.48999,0.130142,-0.701707,1.40345,0.114385,-0.102656,0.881681,0.149352,-0.621568,0.665181,0.122274,-0.603834,0.698904,0.695934,0.0620091,1.3229,0.645645,0.0302896,1.3248
0.122783,-0.54384,1.27862,0.121731,-0.305646,1.04516,0.118514,-0.0709496,0.794114,0.146107,0.0118135,0.739633,0.0300539,-0.167737,0.880199,0.00951816,-0.385254,0.811698,0.0978311,-0.585194,0.78764,0.1272,-0.653151,0.78292,0.269321,-0.180841,1.02002,0.391039,-0.00605152,1.21606,0.570406,0.0729933,1.30145,0.609738,0.0552019,1.28874,0.0407041,-0.551273,1.20212,0.300604,-0.503971,1.32564,0.0891586,-0.580881,1.08758,0.120542,-0.653516,1.0032,0.198952,-0.509978,1.29348,0.210812,-0.856715,1.26367,0.144599,-0.631497,1.48065,0.140848,-0.698447,1.40276,0.120097,-0.129481,0.859605,0.161713,-0.642483,0.737741,0.134198,-0.62501,0.772869,0.672581,0.0482368,1.29218,0.595426,0.0274938,1.28891
0.137136,-0.571062,1.26729,0.131408,-0.333673,1.02647,0.123521,-0.0950308,0.772363,0.151909,-0.015028,0.717317,0.0391411,-0.17978,0.868662,0.0168799,-0.400009,0.816982,0.120535,-0.58576,0.8541,0.155012,-0.649076,0.869805,0.272472,-0.212061,1.01024,0.39405,-0.036796,1.20676,0.563561,0.0721011,1.28162,0.603285,0.047508,1.26897,0.0539402,-0.574398,1.19272,0.315157,-0.528853,1.31418,0.123834,-0.408204,0.939205,0.0351977,-0.409651,0.817327,0.213445,-0.540758,1.27998,0.231178,-0.886348,1.23595,0.164186,-0.654051,1.44641,0.154123,-0.725597,1.3795,0.125991,-0.154575,0.838404,0.188903,-0.638733,0.826054,0.161627,-0.621884,0.859069,0.662425,0.0252646,1.2913,0.604412,0.0260463,1.28871
0.152152,-0.609916,1.23053,0.139018,-0.361228,1.00009,0.12617,-0.113687,0.753968,0.155041,-0.0345409,0.699433,0.0465255,-0.194493,0.859602,0.00743481,-0.438894,0.836847,0.0892544,-0.638001,0.857598,0.116453,-0.705856,0.867807,0.274785,-0.231679,0.992499,0.396275,-0.0559471,1.18928,0.560877,0.0610596,1.26362,0.596249,0.0409798,1.25618,0.0684969,-0.610646,1.16001,0.313842,-0.541183,1.30026,0.12072,-0.409727,0.929856,0.0317053,-0.416005,0.809378,0.227955,-0.579109,1.24099,0.256079,-0.868084,1.19539,0.182127,-0.873329,1.49563,0.180576,-0.766853,1.37945,0.129636,-0.175205,0.818278,0.150679,-0.69519,0.824266,0.123311,-0.675874,0.858133,0.651343,0.0145435,1.27431,0.615224,0.0154337,1.2414
0.152637,-0.613025,1.2267,0.139795,-0.368784,0.990125,0.125641,-0.123016,0.739695,0.15581,-0.0449236,0.68505,0.050183,-0.20427,0.851575,0.0115461,-0.423933,0.832285,0.0952663,-0.622361,0.853484,0.12311,-0.689945,0.86386,0.273546,-0.239678,0.977044,0.395028,-0.0636668,1.17394,0.560618,0.0490274,1.25197,0.594232,0.0364806,1.24886,0.0685299,-0.613837,1.15642,0.322231,-0.548903,1.28606,0.133101,-0.407923,0.917208,0.0354145,-0.417428,0.806185,0.229057,-0.582268,1.23662,0.257845,-0.871035,1.19152,0.183872,-0.876246,1.49181,0.181792,-0.768545,1.37686,0.129597,-0.184469,0.804798,0.157277,-0.679347,0.820271,0.130394,-0.66214,0.85349,0.652545,0.0167588,1.26279,0.629604,0.0147934,1.22767
0.153166,-0.613976,1.22271,0.139717,-0.370189,0.984628,0.124519,-0.124224,0.733589,0.155362,-0.0465414,0.678681,0.0517808,-0.208526,0.843146,0.0107624,-0.427629,0.827172,0.113533,-0.616324,0.85268,0.147699,-0.680695,0.864477,0.271952,-0.240995,0.973019,0.393456,-0.0649207,1.16994,0.563674,0.0409874,1.24732,0.598848,0.0194065,1.2506,0.0691728,-0.614172,1.15419,0.323271,-0.549958,1.28342,0.144315,-0.394035,0.915672,0.0454643,-0.41399,0.809001,0.229241,-0.583943,1.23055,0.261963,-0.87211,1.18528,0.187937,-0.877289,1.48562,0.184543,-0.76886,1.37141,0.128762,-0.185768,0.79881,0.18166,-0.670157,0.820862,0.154495,-0.653044,0.854061,0.68196,-0.00969147,1.28289,0.624207,-0.0144531,1.29283
0.154714,-0.611103,1.21421,0.140731,-0.366998,0.976674,0.124867,-0.120388,0.726392,0.156256,-0.0426132,0.671276,0.0561715,-0.206635,0.833891,0.014606,-0.434105,0.824683,0.0963349,-0.633217,0.845406,0.123529,-0.701073,0.855606,0.27187,-0.237019,0.965804,0.393341,-0.060955,1.16271,0.57579,0.0164227,1.24576,0.617247,-0.00420485,1.25278,0.0712463,-0.610659,1.14766,0.324744,-0.545371,1.27746,0.147399,-0.385949,0.910451,0.0484349,-0.411808,0.806413,0.230132,-0.581621,1.22023,0.263999,-0.869621,1.17848,0.189932,-0.874781,1.47885,0.186269,-0.767216,1.36373,0.129286,-0.182102,0.791427,0.157692,-0.690385,0.812087,0.130806,-0.673058,0.845407,0.680683,-0.0358459,1.28063,0.63389,-0.0449284,1.29325
0.156956,-0.600876,1.19869,0.142064,-0.352613,0.960503,0.124914,-0.100889,0.70948,0.158861,-0.0227054,0.654283,0.0636409,-0.203298,0.826265,0.0144849,-0.436655,0.822252,0.0962159,-0.635719,0.842989,0.12341,-0.703571,0.853188,0.271123,-0.205695,0.936523,0.392413,-0.0299807,1.13323,0.593239,-0.00315975,1.24212,0.635728,-0.0253728,1.25145,0.0715565,-0.601639,1.13087,0.327581,-0.5027,1.24449,0.140211,-0.357914,0.876268,0.0415268,-0.411505,0.794369,0.23415,-0.570008,1.20604,0.262256,-0.858685,1.17633,0.188178,-0.863888,1.47665,0.186965,-0.762056,1.35598,0.1297,-0.163908,0.77473,0.157574,-0.69286,0.809686,0.130689,-0.675503,0.843032,0.708698,-0.0595482,1.27711,0.648748,-0.0563841,1.289
0.163096,-0.589977,1.19213,0.149622,-0.339357,0.956889,0.133972,-0.0855558,0.708908,0.168479,-0.00602059,0.652821,0.0718069,-0.187892,0.817927,0.00309512,-0.40115,0.794158,0.191183,-0.50338,0.837522,0.253641,-0.53898,0.855203,0.279764,-0.196397,0.941598,0.400864,-0.0209437,1.13825,0.628752,-0.0386916,1.23744,0.670193,-0.0608144,1.24554,0.0792726,-0.590385,1.12233,0.327267,-0.497464,1.2507,0.136125,-0.361237,0.881096,0.0420518,-0.408693,0.785695,0.238566,-0.559717,1.20138,0.264843,-0.849065,1.16502,0.190692,-0.854263,1.46536,0.190417,-0.75414,1.3432,0.1384,-0.148996,0.773393,0.286614,-0.529309,0.811163,0.258034,-0.513421,0.843875,0.737581,-0.0981227,1.27899,0.662948,-0.0806594,1.28267
0.174802,-0.57422,1.18208,0.160361,-0.325684,0.952467,0.144334,-0.0733865,0.708469,0.181904,0.0144835,0.655757,0.0782336,-0.1708,0.812261,0.0148222,-0.386178,0.791313,0.168204,-0.539325,0.815084,0.219181,-0.591783,0.826297,0.295574,-0.177831,0.928899,0.416231,-0.00268391,1.12552,0.641633,-0.0522962,1.23268,0.686537,-0.0759346,1.23982,0.0889519,-0.575762,1.11094,0.339242,-0.47956,1.23377,0.130769,-0.357724,0.868281,0.0410977,-0.408892,0.77562,0.251595,-0.543392,1.1927,0.266773,-0.833892,1.16533,0.192572,-0.839181,1.46558,0.195625,-0.745522,1.33827,0.148807,-0.136464,0.772026,0.252456,-0.581638,0.782499,0.224283,-0.56509,0.815532,0.766622,-0.107579,1.27855,0.674893,-0.0966086,1.27763
0.194591,-0.53021,1.18801,0.179208,-0.294853,0.956694,0.160792,-0.0542926,0.712705,0.196977,0.0392991,0.66223,0.0861979,-0.15422,0.809078,0.032058,-0.372493,0.78931,0.161325,-0.548971,0.791533,0.204372,-0.609122,0.795588,0.317627,-0.148489,0.915209,0.437652,0.0260743,1.11177,0.639225,-0.0571288,1.2263,0.694529,-0.0874606,1.23616,0.103228,-0.534433,1.12035,0.372516,-0.453761,1.2148,0.142808,-0.354351,0.854996,0.0463713,-0.403945,0.77059,0.276242,-0.498058,1.19431,0.278111,-0.841766,1.19952,0.211631,-0.609001,1.40989,0.209591,-0.675703,1.33198,0.166014,-0.114531,0.776183,0.237755,-0.598735,0.751938,0.209713,-0.581852,0.785187,0.750365,-0.139311,1.28184,0.693252,-0.113309,1.27756
0.224618,-0.490563,1.19719,0.209302,-0.263722,0.960121,0.190519,-0.034593,0.710444,0.218887,0.0676885,0.664905,0.106065,-0.129822,0.805359,0.0519225,-0.348831,0.789656,0.153418,-0.543016,0.777778,0.187331,-0.608952,0.777163,0.351021,-0.121246,0.893463,0.526555,-0.0695999,1.10909,0.695734,-0.0932983,1.23668,0.725043,-0.105778,1.24564,0.127934,-0.500347,1.12936,0.415212,-0.429064,1.18107,0.169219,-0.333463,0.83105,0.0640805,-0.391409,0.767451,0.309458,-0.455576,1.2031,0.296142,-0.792063,1.25242,0.35756,-0.512986,1.40126,0.375323,-0.624775,1.36062,0.195966,-0.0917035,0.775281,0.220847,-0.598475,0.733554,0.192964,-0.581458,0.766863,0.777889,-0.136712,1.25443,0.701739,-0.11745,1.27564
0.292934,-0.440795,1.25296,0.258625,-0.228162,0.985746,0.219515,-0.0151662,0.710902,0.249975,0.091129,0.665579,0.13772,-0.104621,0.801723,0.0728168,-0.321736,0.787856,0.143849,-0.529004,0.766218,0.167739,-0.599178,0.762371,0.381724,-0.0904666,0.882303,0.567034,-0.0877755,1.09441,0.713008,-0.0919219,1.24376,0.742748,-0.108454,1.25076,0.213239,-0.454406,1.19079,0.429671,-0.493485,1.35443,0.202823,-0.413592,0.988306,0.220893,-0.494305,0.906499,0.354842,-0.407751,1.25042,0.370367,-0.687612,1.30383,0.31978,-0.441401,1.50132,0.32013,-0.540809,1.40705,0.229487,-0.0685637,0.780934,0.201414,-0.588682,0.71875,0.17372,-0.57162,0.752041,0.785219,-0.138722,1.27245,0.744377,-0.148464,1.24622
0.345585,-0.405462,1.23779,0.30123,-0.203893,0.980568,0.257066,0.00188991,0.712766,0.293267,0.107301,0.664739,0.178767,-0.0814119,0.80113,0.10885,-0.297971,0.786186,0.176134,-0.506596,0.762089,0.198934,-0.577124,0.75743,0.415595,-0.0696652,0.879731,0.591395,-0.0537645,1.09862,0.733916,-0.0763748,1.24945,0.765973,-0.096569,1.26322,0.258262,-0.423915,1.17811,0.536959,-0.345739,1.23423,0.267405,-0.373667,0.8888,0.165778,-0.41547,0.794092,0.417616,-0.366837,1.23389,0.413285,-0.657135,1.25939,0.284062,-0.926347,1.35448,0.313943,-0.791854,1.295,0.268747,-0.0494193,0.781565,0.232301,-0.566763,0.713759,0.204174,-0.549907,0.747016,0.793057,-0.131175,1.27911,0.751134,-0.0475595,1.23753
0.380406,-0.396913,1.21403,0.336651,-0.193151,0.974096,0.29105,0.0112121,0.720199,0.332847,0.111918,0.667239,0.215829,-0.0665337,0.802704,0.137866,-0.290915,0.786394,0.19843,-0.501551,0.761703,0.219121,-0.572715,0.756837,0.44958,-0.052921,0.881912,0.631286,-0.0649866,1.09585,0.784391,-0.0714,1.26432,0.804625,-0.0893101,1.28607,0.281347,-0.412617,1.15946,0.558952,-0.283476,1.14508,0.289278,-0.311827,0.799946,0.172838,-0.367373,0.759086,0.461974,-0.362553,1.20579,0.478601,-0.711541,1.1986,0.31114,-0.791165,0.928689,0.394954,-0.795939,0.986497,0.303218,-0.0394659,0.785874,0.252297,-0.562396,0.713174,0.223915,-0.545613,0.746459,0.845491,-0.123457,1.33238,0.814046,-0.0962267,1.2453
0.428684,-0.423867,1.21851,0.374538,-0.200188,0.984968,0.32112,0.020854,0.741049,0.356683,0.111205,0.677844,0.240811,-0.0666841,0.810073,0.170292,-0.292899,0.787843,0.217448,-0.506234,0.754045,0.233818,-0.578298,0.746108,0.480409,-0.0442383,0.911189,0.669601,-0.0619082,1.11833,0.810932,-0.0644711,1.27161,0.834323,-0.0781674,1.28944,0.347744,-0.44185,1.16382,0.572979,-0.478954,1.31307,0.303762,-0.506301,0.967322,0.188868,-0.526057,0.880992,0.488243,-0.383644,1.21067,0.516979,-0.730921,1.13702,0.293524,-0.739049,0.897858,0.388316,-0.761556,0.931802,0.335092,-0.0340094,0.803698,0.266849,-0.567911,0.702525,0.238275,-0.55105,0.735942,0.884289,-0.124806,1.34327,0.852308,-0.0639335,1.26482
0.470974,-0.439316,1.19976,0.404805,-0.205483,0.984812,0.338587,0.0241422,0.753012,0.374086,0.114728,0.690621,0.262503,-0.0740489,0.817601,0.199054,-0.302393,0.792134,0.241571,-0.515629,0.750456,0.256507,-0.587691,0.739856,0.496953,-0.041703,0.92212,0.677709,-0.0561646,1.1365,0.830899,-0.072634,1.27855,0.866623,-0.0913613,1.30058,0.387473,-0.459773,1.14345,0.611764,-0.476703,1.29713,0.342585,-0.504101,0.951484,0.371378,-0.571395,0.862538,0.530912,-0.397042,1.19627,0.538375,-0.742637,1.09811,0.308578,-0.648987,0.885354,0.395387,-0.699519,0.903176,0.355548,-0.032486,0.813235,0.289332,-0.577242,0.696369,0.260494,-0.560321,0.729941,0.914417,-0.126462,1.34096,0.877496,-0.060673,1.27757
0.484211,-0.44067,1.19207,0.418644,-0.204685,0.984441,0.350477,0.0286516,0.761049,0.385001,0.119972,0.699003,0.275377,-0.0749722,0.821865,0.217581,-0.303206,0.796099,0.256892,-0.516642,0.751572,0.27083,-0.588769,0.740003,0.508885,-0.0399535,0.933277,0.688984,-0.0612971,1.14761,0.896274,-0.142656,1.32844,0.908938,-0.160782,1.33857,0.400665,-0.460125,1.13704,0.636387,-0.465574,1.27741,0.367217,-0.493057,0.931847,0.25019,-0.517261,0.84914,0.544831,-0.399894,1.18696,0.554134,-0.746801,1.09974,0.334417,-0.63198,0.887048,0.416955,-0.688683,0.90291,0.368246,-0.0289051,0.819068,0.303528,-0.578331,0.696543,0.274527,-0.561436,0.730162,0.900463,-0.165407,1.37326,0.91099,-0.160714,1.31126
0.493182,-0.436701,1.18972,0.428419,-0.199897,0.985501,0.360473,0.0361269,0.767184,0.391574,0.126793,0.704219,0.284474,-0.072223,0.824527,0.226048,-0.302732,0.798675,0.265194,-0.516034,0.753096,0.279108,-0.588112,0.74117,0.519497,-0.0343489,0.942112,0.701265,-0.0693163,1.15339,0.890181,-0.174179,1.30643,0.891647,-0.196627,1.3154,0.408251,-0.455011,1.1337,0.663674,-0.37255,1.23104,0.394537,-0.400369,0.88581,0.276665,-0.441,0.814747,0.553561,-0.396669,1.18585,0.580763,-0.74108,1.09331,0.337898,-0.706575,0.87676,0.434847,-0.73687,0.897044,0.378292,-0.0221589,0.823795,0.311733,-0.577693,0.697716,0.282639,-0.56083,0.731349,0.904963,-0.219029,1.32509,0.895403,-0.196002,1.28373
0.494418,-0.429807,1.19019,0.433446,-0.190426,0.987285,0.368193,0.0473235,0.771247,0.396608,0.138859,0.70832,0.290184,-0.0630609,0.827574,0.230437,-0.295342,0.803589,0.261831,-0.50919,0.751992,0.27318,-0.58142,0.73805,0.527527,-0.0265484,0.949609,0.711141,-0.0697069,1.15796,0.879988,-0.177771,1.2909,0.8822,-0.198308,1.30295,0.408571,-0.446015,1.13478,0.664036,-0.380595,1.23841,0.208949,-0.443493,1.07413,0.247211,-0.509461,0.981798,0.555332,-0.391951,1.18605,0.582929,-0.737003,1.09731,0.34431,-0.72281,0.873735,0.44243,-0.746565,0.897674,0.38557,-0.0112243,0.827409,0.305845,-0.571022,0.694569,0.27591,-0.555709,0.729151,0.893567,-0.225919,1.30006,0.883226,-0.211349,1.27389
0.483643,-0.420858,1.18693,0.430819,-0.180434,0.987884,0.37013,0.0601727,0.774994,0.399263,0.153548,0.712317,0.291899,-0.0496783,0.832297,0.228749,-0.275717,0.813258,0.257299,-0.488685,0.753104,0.258291,-0.561623,0.723324,0.553683,-0.0305899,0.956879,0.726983,-0.0723425,1.17371,0.879656,-0.178474,1.28937,0.883979,-0.187298,1.30141,0.38766,-0.427597,1.13296,0.649014,-0.358492,1.22465,0.217545,-0.517753,1.07302,0.250376,-0.583549,0.979894,0.550956,-0.38908,1.18232,0.578462,-0.736044,1.10947,0.371817,-0.519431,0.978027,0.438533,-0.603921,0.957848,0.386411,0.000706795,0.830358,0.291044,-0.551267,0.679785,0.262072,-0.534471,0.713311,0.894869,-0.21455,1.29656,0.875346,-0.206932,1.27217
0.480626,-0.419435,1.19095,0.428593,-0.176464,0.990709,0.369014,0.0665069,0.776982,0.399676,0.161151,0.714791,0.291016,-0.0435083,0.83549,0.226342,-0.269208,0.816369,0.254017,-0.48219,0.755149,0.257181,-0.555085,0.725404,0.554688,-0.0301545,0.957956,0.72611,-0.0693592,1.17667,0.880624,-0.178712,1.29014,0.887252,-0.184275,1.30051,0.386978,-0.425946,1.13859,0.635528,-0.39034,1.2609,0.215759,-0.533842,1.09557,0.247151,-0.599948,1.00205,0.547428,-0.389111,1.18455,0.539114,-0.740147,1.13218,0.433608,-0.506087,0.930627,0.471634,-0.60273,0.934294,0.385022,0.00652643,0.832634,0.28994,-0.54478,0.681826,0.260971,-0.528049,0.715298,0.908002,-0.215117,1.29801,0.881897,-0.205186,1.27407
0.480626,-0.419435,1.19095,0.428593,-0.176464,0.990709,0.369014,0.0665069,0.776982,0.399676,0.161151,0.714791,0.291016,-0.0435083,0.83549,0.226342,-0.269208,0.816369,0.254017,-0.48219,0.755149,0.257181,-0.555085,0.725404,0.554688,-0.0301545,0.957956,0.72611,-0.0693592,1.17667,0.880624,-0.178712,1.29014,0.887252,-0.184275,1.30051,0.386978,-0.425946,1.13859,0.635528,-0.39034,1.2609,0.215759,-0.533842,1.09557,0.247151,-0.599948,1.00205,0.547428,-0.389111,1.18455,0.539114,-0.740147,1.13218,0.433608,-0.506087,0.930627,0.471634,-0.60273,0.934294,0.385022,0.00652643,0.832634,0.28994,-0.54478,0.681826,0.260971,-0.528049,0.715298,0.908002,-0.215117,1.29801,0.881897,-0.205186,1.27407
0.474431,-0.416581,1.19457,0.424171,-0.171721,0.993485,0.366598,0.071987,0.779004,0.399216,0.16732,0.717232,0.288093,-0.0371007,0.839223,0.221931,-0.260973,0.820386,0.249973,-0.473718,0.757667,0.253614,-0.546995,0.728927,0.555,-0.0272647,0.960617,0.72591,-0.0687934,1.17934,0.876537,-0.171141,1.28559,0.883043,-0.179259,1.29976,0.383117,-0.424762,1.14142,0.629904,-0.39673,1.26729,0.198493,-0.47001,1.10112,0.229008,-0.537988,1.00671,0.540863,-0.386021,1.18791,0.542011,-0.736578,1.13032,0.401672,-0.441394,1.1091,0.443639,-0.542611,1.06086,0.382156,0.0119199,0.834863,0.286404,-0.536753,0.685296,0.257468,-0.520104,0.718689,0.901569,-0.20368,1.29504,0.876688,-0.176805,1.25725
0.453595,-0.408721,1.21051,0.41038,-0.162188,1.00347,0.359441,0.0813344,0.783918,0.396149,0.177761,0.723092,0.27865,-0.0236966,0.848171,0.211304,-0.243761,0.830108,0.235419,-0.457583,0.768265,0.227159,-0.452682,0.771096,0.54732,-0.011914,0.97205,0.700137,-0.0741157,1.19941,0.881904,-0.140108,1.28459,0.875966,-0.173131,1.30164,0.367409,-0.419398,1.15512,0.598615,-0.428136,1.30184,0.180759,-0.480785,1.11769,0.212053,-0.549486,1.02444,0.516545,-0.377318,1.20544,0.535642,-0.725565,1.12949,0.415137,-0.425308,1.17666,0.450684,-0.525391,1.12695,0.373499,0.0214642,0.840963,0.276254,-0.473483,0.799168,0.268612,-0.459458,0.7875,0.887845,-0.195828,1.28707,0.871037,-0.176928,1.2575
0.444569,-0.403128,1.22032,0.402016,-0.157226,1.01057,0.352728,0.0855644,0.788085,0.391938,0.18274,0.727967,0.271648,-0.0179782,0.853781,0.204916,-0.237536,0.835171,0.226174,-0.452163,0.774783,0.220823,-0.448455,0.772539,0.538576,-0.00535903,0.980077,0.697678,-0.0712106,1.20235,0.877614,-0.144399,1.286,0.868224,-0.17239,1.30154,0.358379,-0.413241,1.16732,0.59364,-0.429174,1.30801,0.173933,-0.470949,1.12971,0.20611,-0.540201,1.03697,0.508295,-0.372805,1.21285,0.522762,-0.721527,1.13526,0.350198,-0.447217,1.17945,0.417614,-0.52649,1.13215,0.366276,0.025917,0.845898,0.2709,-0.479616,0.810197,0.268686,-0.47236,0.804,0.873854,-0.208377,1.30716,0.862792,-0.172749,1.24657
0.423483,-0.392617,1.21593,0.388425,-0.150231,1.01217,0.344031,0.0903241,0.79345,0.385689,0.187966,0.733878,0.2645,-0.0126665,0.858803,0.196348,-0.232642,0.841765,0.215908,-0.447638,0.78164,0.214794,-0.450809,0.780802,0.527604,3.91E-05,0.987015,0.691258,-0.0674004,1.20575,0.867528,-0.149175,1.28971,0.862893,-0.175284,1.29656,0.322299,-0.392539,1.16026,0.591566,-0.286011,1.21389,0.168478,-0.470019,1.13207,0.279925,-0.464014,1.1505,0.498726,-0.369446,1.21016,0.515759,-0.719079,1.14448,0.302678,-0.471936,1.16927,0.393055,-0.538535,1.13276,0.356543,0.0311462,0.850431,0.270817,-0.484546,0.816698,0.232457,-0.435592,0.760286,0.888603,-0.198784,1.28807,0.861147,-0.163978,1.2403
0.423483,-0.392617,1.21593,0.388425,-0.150231,1.01217,0.344031,0.0903241,0.79345,0.385689,0.187966,0.733878,0.2645,-0.0126665,0.858803,0.196348,-0.232642,0.841765,0.215908,-0.447638,0.78164,0.214794,-0.450809,0.780802,0.527604,3.91E-05,0.987015,0.691258,-0.0674004,1.20575,0.867528,-0.149175,1.28971,0.862893,-0.175284,1.29656,0.322299,-0.392539,1.16026,0.591566,-0.286011,1.21389,0.168478,-0.470019,1.13207,0.279925,-0.464014,1.1505,0.498726,-0.369446,1.21016,0.515759,-0.719079,1.14448,0.302678,-0.471936,1.16927,0.393055,-0.538535,1.13276,0.356543,0.0311462,0.850431,0.270817,-0.484546,0.816698,0.232457,-0.435592,0.760286,0.888603,-0.198784,1.28807,0.861147,-0.163978,1.2403
0.413361,-0.389822,1.22027,0.377573,-0.146314,1.0175,0.334935,0.0943501,0.799996,0.3762,0.193426,0.742002,0.253884,-0.00946795,0.866317,0.185689,-0.229131,0.848363,0.207675,-0.444056,0.788762,0.206169,-0.447947,0.784848,0.514942,0.0055988,0.994151,0.682309,-0.0664663,1.20893,0.850597,-0.154018,1.30222,0.847731,-0.179875,1.30931,0.318877,-0.39351,1.16256,0.57188,-0.351438,1.27972,0.269116,-0.451624,1.20756,0.374727,-0.468349,1.19241,0.482961,-0.362548,1.21648,0.506292,-0.711842,1.15082,0.288734,-0.468176,1.17101,0.381519,-0.532381,1.13706,0.346791,0.0352487,0.856733,0.252446,-0.47031,0.804776,0.246034,-0.455137,0.797667,0.861057,-0.213215,1.34229,0.857361,-0.168211,1.26882
0.368188,-0.374097,1.24215,0.346883,-0.130655,1.03891,0.315743,0.104161,0.816649,0.355788,0.204758,0.760216,0.230852,-0.00292154,0.881463,0.165994,-0.225889,0.862249,0.191656,-0.440266,0.801757,0.198217,-0.451786,0.797489,0.492775,0.0173153,1.00965,0.658779,-0.0629985,1.22308,0.812192,-0.151961,1.3369,0.811828,-0.18225,1.33188,0.277186,-0.38402,1.18016,0.553004,-0.339183,1.25494,0.257033,-0.45374,1.17558,0.352024,-0.458142,1.19945,0.440617,-0.34603,1.24131,0.498464,-0.689043,1.15713,0.567307,-1.04974,1.09642,0.594329,-1.11081,1.01334,0.326216,0.0451606,0.872572,0.260548,-0.496157,0.835239,0.191028,-0.446834,0.761941,0.843188,-0.210014,1.3477,0.821497,-0.182064,1.27527
0.367206,-0.374037,1.24202,0.342692,-0.129761,1.04064,0.307075,0.109387,0.825769,0.346306,0.210755,0.770134,0.222131,0.000836432,0.887596,0.15614,-0.223577,0.869604,0.184109,-0.437374,0.807647,0.191468,-0.452377,0.803438,0.482896,0.0241119,1.01787,0.646254,-0.0604179,1.23196,0.808116,-0.147805,1.33571,0.801243,-0.181335,1.34066,0.276537,-0.384454,1.17974,0.540597,-0.351524,1.28132,0.247039,-0.46508,1.19239,0.34045,-0.453214,1.20282,0.438743,-0.345084,1.24166,0.487382,-0.690704,1.16485,0.546735,-1.05409,1.11185,0.575825,-1.11379,1.02773,0.317139,0.0501681,0.881071,0.258985,-0.506593,0.853259,0.191425,-0.448571,0.764671,0.8283,-0.209685,1.34708,0.804713,-0.172004,1.28295
0.364083,-0.37361,1.242,0.335679,-0.127688,1.04464,0.298091,0.1145,0.836347,0.3368,0.216606,0.781527,0.211047,0.00336835,0.895908,0.146492,-0.2226,0.876294,0.176997,-0.435613,0.81239,0.18614,-0.454411,0.80823,0.473732,0.0323027,1.02574,0.634869,-0.0575204,1.23968,0.796553,-0.148035,1.34144,0.792032,-0.17971,1.35159,0.273385,-0.383542,1.17938,0.533793,-0.316226,1.27972,0.110636,-0.456611,1.12202,0.220298,-0.448943,1.14756,0.435867,-0.345095,1.24199,0.476019,-0.692735,1.17202,0.189835,-0.810958,1.25554,0.297648,-0.782267,1.17176,0.308324,0.0548411,0.890333,0.258022,-0.510514,0.862275,0.195813,-0.455243,0.770667,0.812397,-0.212881,1.3651,0.805435,-0.181289,1.30047
0.364083,-0.37361,1.242,0.335679,-0.127688,1.04464,0.298091,0.1145,0.836347,0.3368,0.216606,0.781527,0.211047,0.00336835,0.895908,0.146492,-0.2226,0.876294,0.176997,-0.435613,0.81239,0.18614,-0.454411,0.80823,0.473732,0.0323027,1.02574,0.634869,-0.0575204,1.23968,0.796553,-0.148035,1.34144,0.792032,-0.17971,1.35159,0.273385,-0.383542,1.17938,0.533793,-0.316226,1.27972,0.110636,-0.456611,1.12202,0.220298,-0.448943,1.14756,0.435867,-0.345095,1.24199,0.476019,-0.692735,1.17202,0.189835,-0.810958,1.25554,0.297648,-0.782267,1.17176,0.308324,0.0548411,0.890333,0.258022,-0.510514,0.862275,0.195813,-0.455243,0.770667,0.812397,-0.212881,1.3651,0.805435,-0.181289,1.30047
0.318866,-0.346174,1.28376,0.307086,-0.110851,1.07215,0.291397,0.119031,0.844129,0.329066,0.222199,0.790341,0.202433,0.00615959,0.903018,0.137776,-0.220796,0.881821,0.169134,-0.433297,0.816141,0.178821,-0.452414,0.812335,0.464486,0.0395789,1.03022,0.622402,-0.0548197,1.24486,0.761255,-0.165387,1.35954,0.777987,-0.169782,1.3547,0.230171,-0.358122,1.21737,0.52334,-0.3453,1.24973,0.100954,-0.460203,1.12771,0.127231,-0.568866,1.11585,0.391464,-0.317234,1.28665,0.458933,-0.59935,1.18155,0.564805,-1.00297,1.07278,0.592549,-1.06603,0.992487,0.297511,0.0619715,0.902292,0.257461,-0.514109,0.877313,0.192692,-0.455568,0.777429,0.809263,-0.198539,1.3539,0.792689,-0.172169,1.3046
0.317254,-0.346626,1.28388,0.304542,-0.110203,1.07394,0.285794,0.122992,0.851401,0.322605,0.226876,0.798228,0.194932,0.00870714,0.90914,0.129873,-0.218632,0.886871,0.161851,-0.430574,0.819159,0.170975,-0.45008,0.811401,0.458408,0.0441064,1.03527,0.614116,-0.0530496,1.25047,0.75889,-0.164131,1.35775,0.775229,-0.173374,1.35899,0.228428,-0.358354,1.2174,0.520091,-0.342324,1.2556,0.142937,-0.645345,1.15451,0.264474,-0.639495,1.13543,0.390018,-0.317882,1.28684,0.452635,-0.602077,1.18547,0.551706,-1.00863,1.08199,0.580042,-1.0709,1.0007,0.291849,0.0654423,0.908798,0.245847,-0.507803,0.880382,0.191472,-0.45492,0.78095,0.817684,-0.208092,1.36949,0.745492,-0.192695,1.37274
0.283975,-0.338952,1.29949,0.289945,-0.104742,1.08512,0.278013,0.128797,0.862799,0.313312,0.233961,0.810721,0.183776,0.0129613,0.918842,0.118093,-0.215556,0.894846,0.145422,-0.427475,0.824227,0.159016,-0.447384,0.813592,0.449341,0.0513496,1.04454,0.598796,-0.0505199,1.26219,0.743888,-0.162991,1.36796,0.762194,-0.174181,1.37725,0.197429,-0.350701,1.22891,0.491693,-0.348035,1.26072,0.139285,-0.644506,1.1554,0.260407,-0.641572,1.13893,0.357215,-0.311191,1.30528,0.44042,-0.588777,1.19839,0.567211,-0.985884,1.08738,0.594869,-1.04963,1.00725,0.282703,0.07116,0.92019,0.228307,-0.489323,0.842381,0.15295,-0.450152,0.7786,0.808101,-0.191441,1.37956,0.734513,-0.197706,1.39095
0.286239,-0.34049,1.29841,0.288914,-0.104361,1.08653,0.275381,0.13109,0.867476,0.310223,0.236259,0.815251,0.180253,0.0144225,0.922941,0.11373,-0.214526,0.898137,0.139282,-0.426154,0.825553,0.156874,-0.448765,0.813008,0.446346,0.0527478,1.04813,0.594833,-0.0501521,1.26602,0.735728,-0.163715,1.37596,0.757695,-0.173044,1.38451,0.199139,-0.351996,1.22829,0.491246,-0.347943,1.26806,0.138126,-0.643831,1.1561,0.259106,-0.64169,1.14041,0.359492,-0.312615,1.30404,0.439255,-0.592096,1.20096,0.561329,-0.991905,1.09536,0.589264,-1.05499,1.01434,0.280156,0.0730964,0.924248,0.228301,-0.493931,0.841856,0.125354,-0.462746,0.798182,0.815902,-0.201859,1.39957,0.725232,-0.183467,1.39965
0.286239,-0.34049,1.29841,0.288914,-0.104361,1.08653,0.275381,0.13109,0.867476,0.310223,0.236259,0.815251,0.180253,0.0144225,0.922941,0.11373,-0.214526,0.898137,0.139282,-0.426154,0.825553,0.156874,-0.448765,0.813008,0.446346,0.0527478,1.04813,0.594833,-0.0501521,1.26602,0.735728,-0.163715,1.37596,0.757695,-0.173044,1.38451,0.199139,-0.351996,1.22829,0.491246,-0.347943,1.26806,0.138126,-0.643831,1.1561,0.259106,-0.64169,1.14041,0.359492,-0.312615,1.30404,0.439255,-0.592096,1.20096,0.561329,-0.991905,1.09536,0.589264,-1.05499,1.01434,0.280156,0.0730964,0.924248,0.228301,-0.493931,0.841856,0.125354,-0.462746,0.798182,0.815902,-0.201859,1.39957,0.725232,-0.183467,1.39965
0.286443,-0.339189,1.302,0.285585,-0.101501,1.09313,0.273325,0.133053,0.872013,0.307827,0.238158,0.819641,0.177939,0.015558,0.925933,0.111105,-0.213526,0.90045,0.134979,-0.425014,0.826593,0.153011,-0.447158,0.813194,0.444322,0.0538772,1.05198,0.59234,-0.0493225,1.27008,0.732696,-0.144206,1.39546,0.736225,-0.156001,1.38044,0.199131,-0.350496,1.23294,0.491704,-0.349833,1.27061,0.136937,-0.643364,1.15727,0.257498,-0.643192,1.14344,0.359746,-0.311476,1.30692,0.437396,-0.591856,1.20478,0.556514,-0.992891,1.1005,0.584769,-1.05578,1.01927,0.277559,0.0754665,0.929539,0.221046,-0.48834,0.836716,0.124613,-0.460059,0.798233,0.790149,-0.200229,1.40942,0.713083,-0.173693,1.41744
0.285936,-0.339275,1.30332,0.283225,-0.100268,1.09692,0.271518,0.135563,0.877884,0.305162,0.240583,0.825341,0.175142,0.0179283,0.930958,0.108446,-0.212002,0.903597,0.13088,-0.423109,0.827801,0.149381,-0.443955,0.812365,0.442641,0.056136,1.05686,0.589264,-0.0497965,1.27476,0.734405,-0.14485,1.39483,0.738212,-0.157155,1.38418,0.19845,-0.350472,1.23422,0.489432,-0.350329,1.27746,0.135428,-0.642502,1.16011,0.255488,-0.644618,1.14802,0.359314,-0.311642,1.30833,0.436303,-0.593069,1.21024,0.554505,-0.995587,1.11177,0.582858,-1.05814,1.02988,0.275483,0.0777215,0.934914,0.221002,-0.489337,0.836376,0.121717,-0.452853,0.795709,0.806407,-0.198862,1.4097,0.717524,-0.178459,1.41758
0.286079,-0.339241,1.30437,0.282752,-0.0996523,1.09892,0.271197,0.136561,0.88046,0.304678,0.241526,0.827846,0.174706,0.0187523,0.932802,0.107856,-0.211328,0.9046,0.129963,-0.422271,0.828108,0.151924,-0.444526,0.813033,0.442412,0.0571861,1.0595,0.589027,-0.0502492,1.27676,0.735672,-0.145482,1.39499,0.740768,-0.157828,1.38414,0.198555,-0.350404,1.23512,0.489073,-0.350011,1.27993,0.135159,-0.641924,1.16157,0.255172,-0.644505,1.14935,0.359461,-0.311648,1.30955,0.436262,-0.593242,1.21201,0.554203,-0.995995,1.11432,0.582804,-1.05836,1.03229,0.275082,0.0786582,0.937371,0.233252,-0.504445,0.85534,0.177517,-0.450404,0.774722,0.818847,-0.192337,1.40186,0.721448,-0.183945,1.41333
0.285513,-0.335514,1.31081,0.281893,-0.0974132,1.10303,0.271066,0.13729,0.882305,0.304567,0.24239,0.829903,0.174473,0.01949,0.934473,0.107598,-0.210874,0.905363,0.129562,-0.421631,0.828185,0.153245,-0.443654,0.811313,0.44251,0.057918,1.06107,0.58889,-0.0507133,1.27797,0.736863,-0.145561,1.39493,0.744209,-0.157936,1.38236,0.197803,-0.34684,1.24147,0.490439,-0.351858,1.27803,0.132427,-0.650097,1.17013,0.25331,-0.649624,1.15483,0.359075,-0.307947,1.31605,0.435375,-0.589006,1.2145,0.552537,-0.990886,1.11108,0.580901,-1.0537,1.02947,0.274788,0.0797153,0.939714,0.225435,-0.488109,0.840387,0.195195,-0.45214,0.777286,0.800328,-0.202239,1.405,0.719173,-0.174956,1.41414
0.285375,-0.332795,1.31503,0.281715,-0.0956086,1.10611,0.27137,0.138018,0.884056,0.304775,0.243043,0.831533,0.174707,0.0200654,0.93637,0.107506,-0.210279,0.906201,0.129445,-0.420828,0.828316,0.156369,-0.445452,0.811801,0.443163,0.059127,1.06266,0.589431,-0.0508637,1.27905,0.738478,-0.14577,1.39469,0.747247,-0.158084,1.38088,0.197525,-0.344228,1.24571,0.49124,-0.352863,1.27732,0.131974,-0.651947,1.17257,0.253083,-0.650335,1.15653,0.359074,-0.305275,1.3202,0.434927,-0.586119,1.21662,0.551427,-0.987614,1.11028,0.579685,-1.05069,1.02892,0.274976,0.0807075,0.941794,0.225444,-0.484865,0.817988,0.125462,-0.472033,0.81225,0.826858,-0.189341,1.3957,0.732159,-0.191621,1.40936
0.285375,-0.332795,1.31503,0.281715,-0.0956086,1.10611,0.27137,0.138018,0.884056,0.304775,0.243043,0.831533,0.174707,0.0200654,0.93637,0.107506,-0.210279,0.906201,0.129445,-0.420828,0.828316,0.156369,-0.445452,0.811801,0.443163,0.059127,1.06266,0.589431,-0.0508637,1.27905,0.738478,-0.14577,1.39469,0.747247,-0.158084,1.38088,0.197525,-0.344228,1.24571,0.49124,-0.352863,1.27732,0.131974,-0.651947,1.17257,0.253083,-0.650335,1.15653,0.359074,-0.305275,1.3202,0.434927,-0.586119,1.21662,0.551427,-0.987614,1.11028,0.579685,-1.05069,1.02892,0.274976,0.0807075,0.941794,0.225444,-0.484865,0.817988,0.125462,-0.472033,0.81225,0.826858,-0.189341,1.3957,0.732159,-0.191621,1.40936
0.287736,-0.331239,1.31751,0.282897,-0.0942771,1.10841,0.272143,0.138916,0.88608,0.305865,0.243955,0.833666,0.175473,0.021168,0.938322,0.10837,-0.209037,0.907613,0.129769,-0.419136,0.828065,0.160214,-0.442822,0.807913,0.444685,0.0598562,1.0648,0.590997,-0.0514969,1.28054,0.745486,-0.145915,1.38975,0.75435,-0.157502,1.3725,0.199799,-0.342662,1.24833,0.493319,-0.351357,1.28038,0.133031,-0.653343,1.17559,0.254037,-0.652387,1.15956,0.361396,-0.303829,1.32253,0.435237,-0.585251,1.21876,0.548965,-0.987491,1.11212,0.577161,-1.0506,1.03069,0.275818,0.0817476,0.943919,0.232472,-0.485452,0.818636,0.130353,-0.467439,0.799667,0.830237,-0.194089,1.39692,0.7342,-0.19315,1.40033
0.289224,-0.33154,1.31713,0.283828,-0.0941599,1.1087,0.273174,0.139353,0.887103,0.307033,0.24436,0.834667,0.176212,0.0217047,0.939211,0.108924,-0.208649,0.908147,0.131079,-0.418409,0.827788,0.161379,-0.440635,0.808507,0.445809,0.060285,1.06565,0.593499,-0.0515406,1.28028,0.749323,-0.146449,1.38732,0.759058,-0.158699,1.369,0.201206,-0.342817,1.24799,0.494356,-0.349426,1.28181,0.133961,-0.653336,1.17625,0.254918,-0.652638,1.16015,0.362885,-0.304266,1.32214,0.436327,-0.586008,1.21943,0.549543,-0.988693,1.11431,0.577726,-1.05169,1.0327,0.276799,0.082107,0.944727,0.232738,-0.483997,0.828681,0.131511,-0.461509,0.79825,0.826179,-0.208611,1.41316,0.740353,-0.201938,1.39059
0.327611,-0.360921,1.27674,0.29608,-0.101508,1.09861,0.273834,0.139657,0.887614,0.308243,0.244705,0.8353,0.176902,0.0222092,0.939815,0.109906,-0.208036,0.908547,0.133135,-0.417269,0.826931,0.163693,-0.439778,0.807051,0.448031,0.0611434,1.06681,0.597588,-0.0518264,1.27966,0.754154,-0.148883,1.38392,0.763995,-0.159197,1.36371,0.23984,-0.370258,1.20821,0.493709,-0.324497,1.32713,0.135011,-0.653182,1.17666,0.255872,-0.652862,1.16081,0.398839,-0.333861,1.2821,0.443106,-0.626833,1.21826,0.517102,-1.04625,1.16817,0.547705,-1.10122,1.08122,0.278352,0.0818875,0.944488,0.237983,-0.486525,0.826313,0.132322,-0.458727,0.7981,0.841649,-0.193137,1.38577,0.748328,-0.207711,1.38071
0.327611,-0.360921,1.27674,0.29608,-0.101508,1.09861,0.273834,0.139657,0.887614,0.308243,0.244705,0.8353,0.176902,0.0222092,0.939815,0.109906,-0.208036,0.908547,0.133135,-0.417269,0.826931,0.163693,-0.439778,0.807051,0.448031,0.0611434,1.06681,0.597588,-0.0518264,1.27966,0.754154,-0.148883,1.38392,0.763995,-0.159197,1.36371,0.23984,-0.370258,1.20821,0.493709,-0.324497,1.32713,0.135011,-0.653182,1.17666,0.255872,-0.652862,1.16081,0.398839,-0.333861,1.2821,0.443106,-0.626833,1.21826,0.517102,-1.04625,1.16817,0.547705,-1.10122,1.08122,0.278352,0.0818875,0.944488,0.237983,-0.486525,0.826313,0.132322,-0.458727,0.7981,0.841649,-0.193137,1.38577,0.748328,-0.207711,1.38071
0.302618,-0.334307,1.31229,0.295491,-0.0995576,1.10099,0.274772,0.139957,0.887902,0.309783,0.245032,0.835624,0.17823,0.0227448,0.940347,0.111287,-0.207332,0.908933,0.134758,-0.416231,0.826379,0.164359,-0.439664,0.807696,0.449704,0.0614976,1.06716,0.602799,-0.0520783,1.2773,0.75947,-0.150384,1.38033,0.769949,-0.158682,1.3594,0.214048,-0.344782,1.24334,0.503275,-0.345578,1.29041,0.136696,-0.653202,1.17728,0.257518,-0.652965,1.16134,0.376076,-0.307648,1.31731,0.43937,-0.592931,1.21954,0.538819,-1.00067,1.12135,0.567513,-1.0627,1.0387,0.279217,0.082205,0.944782,0.240145,-0.486305,0.825806,0.131713,-0.461511,0.805464,0.860143,-0.191197,1.37839,0.753373,-0.201629,1.37864
0.331554,-0.361537,1.27555,0.300837,-0.102602,1.09674,0.276152,0.140117,0.888139,0.31139,0.245184,0.835842,0.179425,0.0232259,0.940519,0.112348,-0.206957,0.909054,0.136731,-0.415451,0.825619,0.166414,-0.439771,0.807868,0.45117,0.0615958,1.06725,0.606355,-0.0520296,1.2759,0.766142,-0.149632,1.37503,0.772646,-0.15748,1.35327,0.242179,-0.368918,1.21021,0.498041,-0.322164,1.32557,0.138218,-0.652647,1.17724,0.258988,-0.652527,1.16132,0.403343,-0.335659,1.27878,0.445666,-0.629213,1.21964,0.43034,-0.942711,1.17089,0.396807,-0.801565,1.12394,0.281812,0.0817331,0.9441,0.245243,-0.491975,0.8353,0.132774,-0.467736,0.81625,0.834649,-0.197199,1.37457,0.75514,-0.194153,1.37865
0.33826,-0.360866,1.27487,0.306051,-0.10301,1.0957,0.279172,0.139772,0.887718,0.315083,0.24463,0.835231,0.182919,0.0236475,0.940726,0.115403,-0.20588,0.90912,0.139316,-0.414206,0.825001,0.167971,-0.439477,0.807523,0.455717,0.0627261,1.06632,0.612603,-0.0525502,1.27293,0.775401,-0.153389,1.36442,0.800239,-0.177724,1.35511,0.250094,-0.370419,1.20701,0.499918,-0.320127,1.33077,0.141755,-0.640511,1.17543,0.261632,-0.645393,1.16023,0.409368,-0.333605,1.2797,0.438938,-0.570788,1.22447,0.514763,-1.04605,1.17499,0.54555,-1.10356,1.08724,0.285749,0.0808933,0.942952,0.242166,-0.485798,0.8248,0.142465,-0.457981,0.788769,0.864991,-0.182668,1.34931,0.774356,-0.208329,1.36309
0.338301,-0.361002,1.27487,0.308764,-0.105068,1.09332,0.280602,0.139413,0.887294,0.317019,0.24409,0.834665,0.184278,0.0237094,0.940596,0.11708,-0.205867,0.90914,0.140696,-0.414152,0.824811,0.16944,-0.440783,0.81008,0.457123,0.0620556,1.06567,0.615484,-0.053169,1.27122,0.783404,-0.152461,1.35555,0.803944,-0.17723,1.35087,0.25009,-0.37046,1.20723,0.501244,-0.319468,1.3288,0.141955,-0.638387,1.17695,0.261821,-0.643884,1.16091,0.409551,-0.334107,1.27934,0.44044,-0.570532,1.22426,0.519094,-1.04583,1.17495,0.549556,-1.1035,1.08724,0.287878,0.0800389,0.941888,0.248147,-0.494254,0.838989,0.146382,-0.466378,0.7955,0.879145,-0.181232,1.36096,0.778381,-0.208195,1.36034
0.338301,-0.361002,1.27487,0.308764,-0.105068,1.09332,0.280602,0.139413,0.887294,0.317019,0.24409,0.834665,0.184278,0.0237094,0.940596,0.11708,-0.205867,0.90914,0.140696,-0.414152,0.824811,0.16944,-0.440783,0.81008,0.457123,0.0620556,1.06567,0.615484,-0.053169,1.27122,0.783404,-0.152461,1.35555,0.803944,-0.17723,1.35087,0.25009,-0.37046,1.20723,0.501244,-0.319468,1.3288,0.141955,-0.638387,1.17695,0.261821,-0.643884,1.16091,0.409551,-0.334107,1.27934,0.44044,-0.570532,1.22426,0.519094,-1.04583,1.17495,0.549556,-1.1035,1.08724,0.287878,0.0800389,0.941888,0.248147,-0.494254,0.838989,0.146382,-0.466378,0.7955,0.879145,-0.181232,1.36096,0.778381,-0.208195,1.36034
0.338459,-0.361196,1.27495,0.310786,-0.106473,1.09187,0.282284,0.138857,0.886659,0.31926,0.243404,0.833948,0.186249,0.023503,0.940649,0.1189,-0.205734,0.90934,0.141653,-0.414154,0.825119,0.171061,-0.441748,0.811762,0.458573,0.061802,1.06497,0.618657,-0.0536193,1.26914,0.78509,-0.153484,1.35544,0.807198,-0.179336,1.34861,0.250263,-0.370574,1.20766,0.50223,-0.319987,1.32805,0.142021,-0.637875,1.17806,0.261909,-0.643512,1.16158,0.4098,-0.334493,1.27913,0.442257,-0.571066,1.22406,0.523757,-1.04541,1.17487,0.553988,-1.10325,1.08726,0.289935,0.0791416,0.940845,0.246647,-0.493416,0.837513,0.139969,-0.463128,0.798332,0.864022,-0.189651,1.34981,0.781896,-0.209885,1.35769
0.339137,-0.361771,1.27457,0.313813,-0.108447,1.08909,0.285009,0.137867,0.885037,0.322874,0.24185,0.831837,0.189651,0.0227193,0.940151,0.12199,-0.206056,0.909605,0.144681,-0.414761,0.826233,0.17368,-0.443736,0.81439,0.462065,0.0601725,1.06342,0.623983,-0.0549421,1.26631,0.792364,-0.155123,1.34875,0.809878,-0.18232,1.34142,0.250608,-0.370723,1.20771,0.504403,-0.319261,1.32499,0.143562,-0.638316,1.17894,0.263408,-0.64415,1.16217,0.410854,-0.335629,1.27804,0.444813,-0.571169,1.22316,0.529664,-1.04559,1.17419,0.559368,-1.1037,1.08667,0.292997,0.0777658,0.938686,0.250069,-0.496855,0.843256,0.143632,-0.46474,0.802762,0.86453,-0.200954,1.34613,0.775941,-0.201552,1.34953
0.339534,-0.361958,1.27435,0.314956,-0.109159,1.08793,0.286266,0.137178,0.883929,0.324128,0.241187,0.830791,0.19095,0.022867,0.939707,0.123425,-0.206074,0.909866,0.146143,-0.415007,0.827193,0.173281,-0.443226,0.817852,0.463191,0.0595543,1.06262,0.625557,-0.0559579,1.26495,0.794682,-0.155879,1.34626,0.809737,-0.184527,1.33798,0.250895,-0.370772,1.20765,0.505096,-0.319285,1.32425,0.144188,-0.637586,1.17925,0.263996,-0.6437,1.16222,0.411298,-0.335919,1.27765,0.445676,-0.571123,1.22277,0.531492,-1.04557,1.17371,0.56096,-1.10384,1.08626,0.294288,0.0770164,0.937473,0.242828,-0.484064,0.829926,0.139321,-0.455836,0.8175,0.876198,-0.202238,1.34124,0.778357,-0.212061,1.34397
0.340305,-0.362263,1.27411,0.315941,-0.109665,1.08705,0.287022,0.136846,0.883104,0.325107,0.24069,0.829792,0.192158,0.0227972,0.939187,0.124478,-0.206051,0.909981,0.147273,-0.415219,0.828047,0.174909,-0.443571,0.818599,0.464685,0.0591423,1.0619,0.62721,-0.0569563,1.26381,0.796734,-0.156653,1.34458,0.809847,-0.185816,1.3364,0.25161,-0.37095,1.20773,0.506258,-0.320077,1.32371,0.144947,-0.637391,1.17962,0.264976,-0.642578,1.16171,0.412097,-0.336295,1.2771,0.446614,-0.571156,1.22209,0.532891,-1.04577,1.17271,0.562192,-1.1041,1.08529,0.295127,0.0766164,0.936584,0.248753,-0.494307,0.845556,0.146168,-0.46389,0.805398,0.86867,-0.20632,1.33445,0.774118,-0.20253,1.35349
0.340305,-0.362263,1.27411,0.315941,-0.109665,1.08705,0.287022,0.136846,0.883104,0.325107,0.24069,0.829792,0.192158,0.0227972,0.939187,0.124478,-0.206051,0.909981,0.147273,-0.415219,0.828047,0.174909,-0.443571,0.818599,0.464685,0.0591423,1.0619,0.62721,-0.0569563,1.26381,0.796734,-0.156653,1.34458,0.809847,-0.185816,1.3364,0.25161,-0.37095,1.20773,0.506258,-0.320077,1.32371,0.144947,-0.637391,1.17962,0.264976,-0.642578,1.16171,0.412097,-0.336295,1.2771,0.446614,-0.571156,1.22209,0.532891,-1.04577,1.17271,0.562192,-1.1041,1.08529,0.295127,0.0766164,0.936584,0.248753,-0.494307,0.845556,0.146168,-0.46389,0.805398,0.86867,-0.20632,1.33445,0.774118,-0.20253,1.35349
0.340873,-0.362476,1.27369,0.316772,-0.109976,1.08627,0.287814,0.136679,0.882542,0.325866,0.240407,0.829122,0.193055,0.0227321,0.938881,0.12549,-0.205925,0.910078,0.148229,-0.41537,0.828966,0.175817,-0.444228,0.820615,0.466031,0.0589467,1.06136,0.628671,-0.0574678,1.263,0.798154,-0.158759,1.34211,0.809004,-0.185574,1.3314,0.252163,-0.371103,1.20737,0.506881,-0.320411,1.32325,0.14525,-0.635848,1.17938,0.265218,-0.641486,1.1612,0.412575,-0.336479,1.27671,0.447651,-0.570766,1.22111,0.535267,-1.04544,1.17045,0.564385,-1.10381,1.08303,0.295946,0.0764013,0.935942,0.247472,-0.488348,0.839662,0.143225,-0.460769,0.805935,0.864643,-0.203744,1.33159,0.772003,-0.207046,1.3405
0.312877,-0.326276,1.31505,0.31085,-0.100879,1.09514,0.288728,0.136615,0.881749,0.32667,0.240214,0.828205,0.194399,0.0226398,0.938217,0.126523,-0.206031,0.910189,0.149594,-0.415954,0.830691,0.176729,-0.445855,0.822899,0.467514,0.058919,1.06002,0.630252,-0.0584973,1.26106,0.800301,-0.160574,1.33817,0.807569,-0.187862,1.32678,0.223208,-0.336644,1.24792,0.515333,-0.349861,1.2809,0.147197,-0.637208,1.17787,0.267225,-0.642139,1.15974,0.387003,-0.300159,1.31823,0.452327,-0.584163,1.21612,0.554861,-0.989803,1.11168,0.581097,-1.0535,1.02995,0.296484,0.0766633,0.935584,0.247042,-0.487866,0.83632,0.145262,-0.462486,0.812692,0.861941,-0.20886,1.32765,0.770554,-0.211941,1.33353
0.312439,-0.325839,1.31546,0.308424,-0.0976482,1.09843,0.288981,0.136648,0.881555,0.326841,0.24027,0.828058,0.194851,0.0226951,0.938043,0.126877,-0.206074,0.910314,0.150128,-0.416153,0.831381,0.177501,-0.446786,0.824066,0.46791,0.0589652,1.05969,0.630707,-0.0589354,1.26044,0.800975,-0.16109,1.33701,0.808736,-0.188168,1.32502,0.222728,-0.33613,1.24835,0.515334,-0.349685,1.27941,0.147792,-0.63795,1.17804,0.267884,-0.642554,1.1596,0.386627,-0.299814,1.3186,0.452596,-0.583457,1.21554,0.55601,-0.988572,1.10976,0.582152,-1.05235,1.02813,0.296405,0.0771425,0.935846,0.256221,-0.497325,0.842109,0.147377,-0.46545,0.814368,0.861272,-0.212536,1.32508,0.774631,-0.212222,1.33659
